<?xml version="1.0" encoding="UTF-8"?>
<module codename="com.jaspersoft.ireport.mongodb">
    <module_version install_time="1343641003580" last="true" origin="installer" specification_version="0.9.3">
        <file crc="2054048716" name="config/Modules/com-jaspersoft-ireport-mongodb.xml"/>
        <file crc="1524195047" name="modules/com-jaspersoft-ireport-mongodb.jar"/>
        <file crc="689180359" name="modules/ext/commons-pool-1.6.jar"/>
        <file crc="1445730440" name="modules/ext/js-mongodb-datasource-0.9.3.jar"/>
        <file crc="1187724958" name="modules/ext/js-mongodb-datasource-1.0.0.jar"/>
        <file crc="354931207" name="modules/ext/mongo-java-driver-2.7.3.jar"/>
    </module_version>
</module>
