<?xml version="1.0" encoding="UTF-8"?>
<module codename="org.netbeans.libs.jaxb/1">
    <module_version install_time="1236309780615" last="true" origin="installer" specification_version="1.3.1">
        <file crc="3448639146" name="config/Modules/org-netbeans-libs-jaxb.xml"/>
        <file crc="4266509734" name="modules/ext/jaxb/activation.jar"/>
        <file crc="3224142146" name="modules/ext/jaxb/api/jaxb-api.jar"/>
        <file crc="1775435017" name="modules/ext/jaxb/api/jsr173_api.jar"/>
        <file crc="543756465" name="modules/ext/jaxb/jaxb-impl.jar"/>
        <file crc="1790776853" name="modules/ext/jaxb/jaxb-xjc.jar"/>
        <file crc="3513703082" name="modules/org-netbeans-libs-jaxb.jar"/>
    </module_version>
</module>
